<?xml version="1.0" encoding="UTF-8" ?>
<!DOCTYPE mapper PUBLIC "-//mybatis.org//DTD Mapper 3.0//EN" "http://mybatis.org/dtd/mybatis-3-mapper.dtd">
<mapper  namespace="hr.dao.EmpDao">

<select id="queryEmp" resultType="Employee">
   select *  from emp where phone=#{arg0} and psw=#{arg0}
</select>

<select id="queryEmpbyid" resultType="Employee">
 select *  from emp where emp_id=#{empId}
</select>
 <select id="queryEmpbyid222" resultType="Employee">
 select e.*  ,d.dept_name,p.pos_name from emp e,dept d,position p
where e.pid=p.pid  and e.dept_id =d.dept_id and emp_id=#{arg0}
 </select>
 
 	<insert id="addEmp" parameterType="Employee">
 	  insert into emp (emp_name,sex,age,national,school,education,major,native_place,mail,last_work,salary,interest,politics_status,work_experience
 	  ,dept_id,pid,phone,psw,telphone,status)
    values (#{empName},#{sex},#{age},#{national},#{school},#{education},#{major},#{nativePlace},#{mail},#{lastWork},#{salary},#{interest},#{politicsStatus}
    ,#{workExperience},#{deptId},#{pid},#{phone},#{psw},#{telphone},#{status})
 	
 	</insert>
 	<select id="queryEmp2" resultType="Employee">
 	  select *  from emp where phone=#{arg0}
 	</select>
 	
 	<update id="updateEmp" parameterType="Employee">
 	  update emp  set dept_id=#{deptId},pid=#{pid}
 	</update>
 	
 	<select id="queryempInDept" resultType="Employee">
 	    select * from emp    where dept_id= #{deptId}   
       
 	</select>
 	
	<select id="queryByDeptIdPid" resultType="Employee" >
	select e.*,p.pos_name,d.dept_name from emp e,position p,dept d
where e.dept_id=d.dept_id and p.pid=e.pid and e.dept_id=#{arg0} and e.pid=#{arg1}
	
	</select>
 <select id="querybypid" resultType="Employee">
 select * from emp    where   pid=#{pid}
 </select>
 
 <select id="querybypid222" resultType="Employee">
select e.*,d.dept_name,p.pos_name from emp e,dept d,position p    where  
 e.dept_id=d.dept_id and e.pid=p.pid
 and e.pid=#{arg0}
 </select>
<delete id="delEmpbyphone" parameterType="String">
  delete from emp where phone=#{phone}
</delete>
  
<select id="queryAllEmp" resultType="Employee">
   select e.*,p.pos_name,d.dept_name from emp e,position p,dept d
where e.dept_id=d.dept_id and p.pid=e.pid
</select>

</mapper>