<?xml version="1.0" encoding="UTF-8" ?>
<!DOCTYPE mapper PUBLIC "-//mybatis.org//DTD Mapper 3.0//EN" "http://mybatis.org/dtd/mybatis-3-mapper.dtd">
<mapper  namespace="hr.dao.ResumeDao">

<select id="queryResume" resultType="Resume">

  select * from resume where uid =#{arg0}
</select>
<select id="queryResumeByRid" resultType="Resume">

  select * from resume where rid =#{arg0}
</select>

<select id="queryAllResume" resultType="Resume">

select * from resume
</select>

<insert id="addResume" parameterType="Resume" >

    insert into resume (name,sex,uid,age,national,school,education,major,native_place,phone,mail,job,last_work,salary_expectation,interest,politics_status,work_experience)
    values (#{name},#{sex},#{uid},#{age},#{national},#{school},#{education},#{major},#{nativePlace},#{phone},#{mail},#{job},#{lastWork},#{salaryExpectation},#{interest},#{politicsStatus},#{workExperience})
</insert>
 
 	<update id="updateResume" parameterType="Resume">
 	update  resume set  name =#{name},sex =#{sex},age=#{age},national=#{national},school=#{school},education=#{education},major=#{major},native_place=#{nativePlace},phone=#{phone},mail=#{mail},job=#{job}
 	,last_work=#{lastWork},salary_expectation=#{salaryExpectation},interest=#{interest},politics_status=#{politicsStatus},work_experience=#{workExperience},status=#{status},sign=#{sign},date=#{date},offer=#{offer},accept=#{accept} where  uid=#{uid}
 	
 	
 	</update>
	
	<select id="queryAccept" resultType="Resume">
	  select * from resume  where  status=#{arg0}
	</select>
	<select id="queryResumeByAccept" resultType="Resume">
	  select * from resume  where  accept=#{arg0}
	</select>
	
 <delete id="delResume" parameterType="int">
    delete from resume where uid=#{uid}
 </delete>

</mapper>