<?xml version="1.0" encoding="UTF-8" ?>
<!DOCTYPE mapper PUBLIC "-//mybatis.org//DTD Mapper 3.0//EN" "http://mybatis.org/dtd/mybatis-3-mapper.dtd">
<mapper  namespace="hr.dao.UserDao">

<select id="queryUser" resultType="User">
  select *  from user where phone=#{arg0} and psw=#{arg0}
</select>

 
 	<select id="queryUserByPhone" resultType="Integer">
		select 1 from user where phone=#{arg0}	
	</select>
	
	<insert id="addUser" parameterType="User">
	 insert into user (phone,psw) values (#{phone},#{psw})
	</insert>
	<select id="queryById" resultType="User">
	  select   * from user where  uid=#{arg0}	
	</select>
	
	
 <delete id="del" parameterType="int">
    delete from user where uid=#{uid}
 </delete>

</mapper>